"","A152","A266","A273","A102","BGI-WG17","A505","BGI-RS08","A062","A504","A182","BGI-WG14","A510","A490","BGI-WG03","A015","A364","A066","A219","A192","A276","A120","A028","BGI-WG16","A146","A488","A021","A375","A222","A502","BGI-RS20","BGI-WG13","A101","A497","A136","A217","A494","A017","A302","BGI-WG11","A074","A037","A521","A281","A284","A068","A323","A139","A434","A111","A168","A485","A282","A156","A071","BGI-RS35","A435","A277","BGI-WG22","A511","A310","BGI-WG12","A272","A503","A162","A249","A426","A428","A063","A322","A278","A100","A517","BGI-EX02","BGI-RS32","A114","A153","A538","A149","A493","A117","A134","A233","BGI-RS39","A483","A255","BGI-EX04","BGI-RS16","A122","BGI-RS21","A243","A432","A315","A380","A430","BGI-RS17","A188","A112","BGI-RS02","A486","A165","A104","A072","A512","A027","A283","A514","BGI-RS37","A496","A186","A185","A207","A202","A269","A204","A206","A203","A316","A239","A194","BGI-RS11","BGI-WG18","BGI-WG04","BGI-RS13","BGI-RS50","BGI-RS55","A241","A285","A495","A130","A307","A073","BGI-RS48","A275","A377","A534","BGI-RS25","BGI-WG06","A274","A295","BGI-RS45","A190","A191","BGI-RS23","BGI-WG21","A163","A008","BGI-RS53","BGI-RS22","A270","A033","A368","BGI-RS52","BGI-RS46","BGI-RS09","BGI-RS01","BGI-RS41","BGI-RS29","BGI-WG19","BGI-RS12","BGI-RS47","A268","A215","A221","A006","A224","A500","A507","A138","A501","BGI-RS10","BGI-RS40","BGI-RS56","BGI-WG23","BGI-RS27","A260","BGI-RS59","BGI-WG20","BGI-RS07","BGI-RS28","A262","BGI-RS15","A144","A205","A259","A209","A212","A252","BGI-WG24","A220","A150","A208","A519","A148","A103","BGI-RS30","A279","BGI-RS58","A425","A157","BGI-RS54","A381","A492","A187","A320","A524","BGI-RS38","BGI-RS44","A499","A147","A349","A197","BGI-RS34","BGI-RS18","A265","A261","A169","A213","A433","A537","BGI-EX01","A158","A025","BGI-EX05","A155","A379","BGI-WG09","BGI-RS51","A280","BGI-RS42","A124","BGI-RS04","A522","A508","A344","A110","A306","BGI-WG08","BGI-RS60","A231","A109","A532","A016","BGI-WG10","A228","A210","A183","A131","A216","BGI-RS57","BGI-EX03","A230","A271","A199","A012","A143","BGI-EX09","A509","BGI-RS14","BGI-RS03","A193","A229","BGI-EX06","A218","BGI-RS26","A267","BGI-RS06","BGI-RS05","A247","BGI-EX07","BGI-WG15","BGI-RS33","A201","BGI-RS36","A126","BGI-RS49","BGI-WG02","A227","A250","A232","A200","A177","A198","A167","A258","A240","BGI-RS31","A263","A530","A196","A159","A513","BGI-EX08","BGI-RS19","A195","A234","A211","A264","A214"
"SBS1",32,37,31,17,19,0,14,21,38,20,0,34,24,10,0,30,22,0,23,38,21,10,14,23,23,16,20,28,10,32,0,34,21,0,0,39,29,7,0,20,27,20,21,20,0,14,14,19,17,13,13,9,12,19,0,0,23,7,9,13,10,0,23,0,0,17,0,17,13,13,0,12,0,0,12,0,0,14,10,0,16,0,21,15,0,18,10,6,0,7,0,11,8,0,7,0,6,18,0,0,0,5,10,6,13,0,0,0,37,26,17,25,0,16,0,0,0,0,0,0,21,12,17,16,0,26,16,17,0,35,0,10,0,14,13,0,0,12,28,14,17,11,16,0,9,4,0,6,0,0,13,14,0,0,0,0,0,0,7,0,0,0,0,0,0,0,0,0,0,0,16,20,14,28,101,14,12,11,0,0,0,11,0,6,0,0,0,39,23,10,29,22,7,15,0,8,0,23,0,0,18,0,21,0,0,0,9,0,0,24,18,0,15,33,10,12,0,0,17,20,22,17,15,30,20,4,0,0,0,9,0,3,0,0,0,0,45,0,0,0,41,0,0,30,0,19,0,0,0,26,0,0,0,21,0,0,42,15,28,14,0,0,0,0,0,0,0,0,0,0,0,0,0,0,0,0,0,15,0,0,14,0,0,15,0,0,0,17,0,0,0,14,0,0,0,0,0,0
"SBS2",158,105,90,84,15,100,125,25,51,60,0,0,49,0,0,39,0,43,11,0,9,10,14,0,0,0,0,0,13,0,7,10,29,0,21,0,0,0,0,27,0,9,11,12,18,0,0,11,0,17,0,10,0,0,0,15,0,6,14,0,8,0,0,11,0,0,0,0,0,10,0,8,0,0,0,0,0,9,0,0,0,0,0,8,0,0,11,0,0,0,0,0,0,0,11,0,0,0,0,0,0,0,0,0,0,0,0,0,12,0,0,0,0,0,0,0,0,0,0,147,44,0,111,0,67,18,58,18,15,0,0,18,17,0,0,0,0,11,0,0,0,7,0,10,0,0,0,16,0,0,0,0,6,0,0,0,0,0,0,0,0,0,0,0,0,0,4,0,0,0,0,21,25,0,0,0,23,0,25,110,15,0,0,6,0,0,0,23,152,110,0,13,20,11,0,0,0,0,7,0,0,21,0,0,0,0,0,0,0,0,0,0,0,0,18,11,0,58,0,12,11,0,0,0,0,0,0,5,0,0,0,0,0,0,61,0,0,0,0,22,24,18,0,19,18,227,56,96,0,23,145,0,39,0,211,0,14,12,0,0,15,127,10,0,0,0,0,0,99,12,14,33,0,0,0,0,17,0,18,0,0,21,0,0,0,7,0,0,0,0,0,0,0,0,0,0,0,0
"SBS4",0,0,0,0,0,0,0,0,0,0,0,0,0,0,0,0,0,0,0,0,0,0,0,0,0,0,0,0,0,0,0,0,0,0,0,0,0,0,0,0,0,0,0,0,0,0,0,0,0,0,0,0,0,0,0,0,0,0,0,0,0,0,0,0,0,0,0,0,0,0,0,0,0,0,0,0,0,0,0,0,0,0,0,0,0,0,0,0,0,0,0,0,0,0,0,0,0,0,0,0,0,0,0,0,0,0,0,0,49,45,40,66,43,48,32,56,16,35,39,0,0,0,0,0,0,0,0,0,0,0,0,0,0,0,0,0,0,0,0,0,0,0,0,0,0,0,0,0,0,0,0,0,0,0,0,0,0,0,0,0,0,0,0,0,0,0,0,0,0,521,380,211,48,189,41,164,65,188,62,21,50,19,27,32,36,29,27,0,0,0,0,0,0,0,0,0,0,0,0,0,0,0,0,0,0,0,0,0,0,127,112,190,37,30,39,66,50,0,0,0,0,0,0,0,0,0,0,0,0,0,0,0,0,0,1342,1668,1138,1235,990,1003,976,1011,607,817,806,207,449,251,467,596,405,588,510,501,199,397,195,364,271,308,175,181,292,288,247,224,259,251,100,144,64,147,74,85,153,137,91,167,54,59,77,67,96,31,123,84,39,0,80,19,50,27,16,46,39,30,16,8
"SBS5",0,0,128,116,115,51,0,0,0,85,152,0,83,88,91,0,138,86,0,126,126,119,92,114,0,56,0,49,121,104,76,0,0,99,113,61,0,114,96,65,0,0,0,79,66,0,105,49,0,62,87,64,96,62,84,71,0,55,76,90,70,58,69,64,95,0,85,68,0,64,84,70,89,91,72,83,68,0,0,73,53,76,0,53,0,53,45,0,69,57,62,0,39,65,0,59,43,0,43,54,45,43,0,40,32,30,28,0,92,0,0,0,73,0,75,48,80,39,0,42,0,65,71,0,55,0,0,0,96,0,117,78,85,0,62,62,81,48,0,0,60,59,0,44,49,0,67,0,58,45,0,0,44,46,43,43,32,38,0,31,0,11,10,0,0,5,2,4,0,234,172,0,136,182,102,134,107,0,129,30,85,55,30,21,0,0,0,131,0,61,93,0,114,0,76,116,122,0,100,93,0,56,0,64,57,53,0,27,0,137,101,66,62,0,60,57,39,171,140,0,90,80,0,0,0,0,47,32,34,0,30,0,0,0,641,501,0,389,502,444,178,359,434,199,311,366,479,402,286,309,248,296,249,246,146,217,211,157,134,0,228,108,134,152,159,150,147,149,137,116,245,94,140,186,118,123,120,65,89,103,92,68,62,94,23,52,86,0,30,75,52,46,38,0,0,0,0,0
"SBS9",0,0,0,0,0,0,0,0,0,0,0,0,0,0,0,0,0,0,0,0,0,0,0,0,0,0,0,19,0,0,0,0,0,0,0,0,0,0,0,0,0,0,0,0,0,0,0,0,0,0,0,0,0,23,0,0,0,0,0,0,0,0,0,0,0,0,0,0,0,0,0,0,0,0,0,0,0,0,0,0,0,0,0,0,0,0,0,0,0,0,0,0,0,0,0,0,0,0,0,0,0,0,0,0,0,0,0,0,0,0,0,0,0,0,0,0,0,0,0,0,0,0,0,0,0,0,0,0,0,0,0,0,0,0,0,0,0,0,0,0,0,0,0,0,0,0,0,0,0,0,0,0,0,0,0,0,0,0,0,0,0,0,0,0,0,0,0,0,0,0,0,0,0,0,55,0,0,0,0,0,0,0,0,0,0,0,0,0,0,0,0,0,0,0,0,0,0,0,0,0,0,0,0,0,0,0,0,0,0,0,0,0,0,0,0,0,0,0,0,0,0,0,0,0,0,0,0,0,0,0,0,0,0,0,0,0,0,0,0,0,0,0,0,0,0,0,0,0,0,0,0,0,0,0,0,0,0,0,0,0,0,0,0,0,0,0,0,0,0,0,0,0,0,0,0,0,0,0,0,0,0,0,0,0,0,0,0,0,0,0,0,0,0,0,0,0,0,0
"SBS13",99,99,81,112,0,151,117,16,37,64,14,0,42,0,0,22,0,41,10,0,10,11,0,13,0,0,0,0,0,0,0,0,27,0,0,0,7,0,0,9,0,0,0,9,28,0,0,10,0,17,0,13,0,0,20,19,0,6,0,0,8,0,0,24,0,0,0,0,0,0,0,0,0,0,0,0,0,7,14,0,0,0,0,0,0,0,8,0,0,0,0,0,0,0,9,0,0,0,0,0,0,0,0,0,0,0,0,0,0,0,0,0,0,0,0,0,0,0,0,208,36,0,106,0,91,22,36,32,28,0,0,18,8,0,0,0,0,16,0,0,0,0,0,9,0,11,0,15,0,0,0,0,0,0,0,0,8,0,0,0,0,0,0,0,0,0,0,0,0,19,0,46,0,0,0,20,11,0,36,44,11,0,0,0,0,0,0,0,230,118,0,21,25,8,0,0,0,0,0,0,0,9,0,0,0,0,0,0,0,0,0,0,0,0,36,0,0,59,0,16,0,0,0,0,0,0,0,0,0,0,0,0,0,0,86,40,0,48,37,33,0,0,28,0,60,375,121,171,0,26,131,20,50,0,116,0,18,14,0,0,18,51,0,0,0,28,0,0,39,17,16,54,0,0,0,0,19,0,36,9,0,12,0,0,0,0,0,0,0,0,0,0,0,0,0,0,0,0
"SBS17a",0,0,0,0,0,0,0,0,0,0,0,0,0,0,0,0,0,0,0,0,0,0,0,0,0,0,0,0,0,0,0,0,0,0,0,0,0,0,0,0,0,0,0,0,0,0,0,0,0,0,0,0,0,0,0,0,0,0,0,0,0,0,0,0,0,0,0,0,0,0,0,0,0,0,0,0,0,0,0,0,0,0,0,0,0,0,0,0,0,0,0,0,0,0,0,0,0,0,0,0,0,0,0,0,0,0,0,0,0,0,0,0,0,0,0,0,0,0,0,0,0,0,0,0,0,0,0,0,0,0,0,0,0,0,0,0,0,0,0,0,0,0,0,15,0,0,0,0,0,0,0,0,0,0,0,0,0,0,0,0,0,0,0,0,0,0,0,0,0,0,0,0,0,0,0,0,0,0,0,0,0,0,0,0,0,0,0,0,0,0,15,0,0,0,0,0,0,0,0,0,0,0,0,0,0,0,0,0,0,0,0,0,0,0,0,0,0,0,0,0,0,0,0,0,0,0,0,0,0,0,0,0,0,0,0,0,0,0,0,0,0,0,0,0,0,0,0,0,0,0,0,0,0,0,0,0,0,0,0,0,0,0,0,0,0,0,0,0,0,0,0,0,0,0,0,0,0,0,0,0,0,0,0,0,0,0,0,0,0,0,0,0,0,0,0,0,0,0
"SBS17b",0,0,0,0,0,0,0,0,0,0,0,0,0,0,0,0,0,0,0,0,0,0,0,0,0,0,0,0,0,0,0,0,0,0,0,0,0,0,0,0,0,0,0,0,0,0,0,0,0,0,0,0,0,0,0,0,0,0,0,0,0,22,0,0,0,0,0,0,0,0,0,0,0,0,0,0,0,0,0,0,0,0,0,0,0,0,0,0,0,0,0,0,0,0,0,0,0,0,0,0,0,0,0,0,0,0,0,0,0,0,0,0,0,0,0,0,0,0,0,0,0,0,0,31,0,0,0,0,0,0,0,0,6,0,0,0,0,0,0,0,0,0,0,0,0,0,0,0,0,0,0,0,0,0,0,0,0,0,0,0,0,0,0,0,0,0,0,0,0,0,0,0,0,12,0,0,0,0,0,0,0,0,0,0,0,0,0,0,0,0,53,0,0,0,0,4,0,0,0,0,0,0,0,0,0,0,0,0,0,0,9,0,0,0,0,0,0,0,0,0,0,0,0,7,0,0,0,0,0,0,0,0,0,0,0,0,0,0,0,0,0,0,0,0,0,0,0,0,0,0,0,0,0,0,0,0,0,0,0,0,0,0,0,0,0,0,0,0,0,0,0,0,0,0,0,0,0,0,0,17,0,0,0,0,0,0,0,0,0,0,0,0,0,0,0,0,0,0
"SBS18",0,0,0,0,0,0,0,0,0,0,0,0,0,0,0,0,0,0,0,0,0,0,0,0,0,0,0,43,0,0,0,0,0,33,0,27,0,0,0,0,0,0,0,0,0,0,0,29,0,0,0,0,0,0,0,0,0,0,0,0,0,0,0,0,0,0,0,0,0,0,0,0,0,0,0,0,0,0,0,0,0,0,0,0,40,0,0,0,0,0,0,0,14,0,0,0,0,0,0,0,0,0,0,0,0,0,0,0,60,0,0,0,0,0,0,0,0,0,0,0,0,0,0,0,0,0,0,0,0,0,0,0,0,0,0,50,0,0,0,0,0,0,0,0,0,0,0,0,0,0,0,0,0,0,0,0,0,0,0,0,24,0,0,0,0,0,0,0,0,0,0,0,0,0,0,0,0,0,0,0,0,0,35,0,0,0,0,0,0,0,0,0,0,0,53,0,0,0,0,19,0,15,0,0,0,0,0,0,15,0,0,0,0,0,0,0,0,31,0,0,25,0,0,0,0,0,0,0,0,0,0,0,12,0,0,0,0,0,0,0,0,0,0,123,0,0,0,0,0,0,0,0,0,0,0,0,62,0,0,0,0,0,0,0,0,0,0,0,0,0,0,0,0,0,0,0,0,0,0,0,0,0,0,0,0,0,0,0,0,0,0,0,0,0,0,0,0,0
"SBS28",0,0,0,0,0,0,0,0,0,0,0,0,0,0,0,0,10,0,0,0,0,0,0,0,0,0,0,0,0,0,0,0,0,0,0,0,0,0,0,0,0,0,0,0,0,0,0,0,0,0,0,0,0,0,0,0,0,0,0,0,0,19,0,0,0,0,0,0,0,0,0,0,0,0,0,0,0,0,0,0,0,0,0,0,0,0,0,0,0,0,0,0,0,0,0,0,0,0,0,0,0,0,0,0,0,0,0,0,0,0,0,0,0,0,0,0,0,0,0,0,0,0,0,0,0,0,0,0,0,0,0,0,0,0,0,0,0,0,0,0,0,0,0,0,0,0,0,0,0,0,0,0,0,0,0,0,0,0,0,0,0,0,0,0,0,0,0,0,0,0,0,0,0,0,0,0,0,0,0,0,0,0,0,0,0,0,0,0,0,0,0,0,0,0,0,0,0,0,0,0,0,0,0,0,0,0,0,0,0,0,0,0,0,0,0,0,0,0,0,0,0,0,0,0,0,0,0,0,0,0,0,0,0,0,0,0,0,0,0,0,0,0,0,0,0,0,0,0,0,0,0,0,0,0,0,0,0,0,0,0,0,0,0,0,0,0,0,0,0,0,0,0,0,0,0,0,0,0,0,0,0,0,0,0,0,0,0,0,0,0,0,0,0,0,0,0,0,0
"SBS40",114,101,0,0,0,0,45,176,107,0,0,173,0,0,0,86,0,0,116,0,0,0,0,0,136,74,126,0,0,0,0,99,61,0,0,0,93,0,0,0,66,69,93,0,0,91,0,0,78,0,0,0,0,0,0,0,76,0,0,0,0,0,0,0,0,70,0,0,67,0,0,0,0,0,0,0,0,55,61,0,0,0,58,0,34,0,0,65,0,0,0,43,0,0,42,0,0,45,0,0,0,0,35,0,0,0,0,9,0,68,90,48,0,50,0,0,0,0,0,0,114,0,0,186,0,130,56,86,0,85,0,0,0,101,0,0,0,0,54,69,0,0,61,0,0,45,0,29,0,0,38,37,0,0,0,0,0,0,27,0,0,0,0,7,5,0,0,0,2,0,0,168,0,0,0,0,0,104,0,0,0,0,0,0,0,0,0,84,120,0,111,89,0,102,0,0,0,91,0,0,78,0,43,0,0,0,28,0,0,0,0,0,71,107,0,0,0,0,0,141,0,0,85,52,51,43,0,0,0,21,0,0,0,12,0,0,379,0,0,0,218,0,0,0,0,0,0,188,225,0,0,0,0,0,0,0,0,0,137,175,0,0,0,0,0,0,0,0,0,0,0,0,97,0,0,0,0,0,0,0,0,0,0,0,0,0,0,89,0,0,0,0,0,0,0,0,0,0
