mutation_id	sample_id	ref_counts	alt_counts	normal_cn	major_cn	minor_cn	tumour_content
SLC12A5.R780C	CHL1636	16	9	CHL1636	3	2	0.14
STEAP4.V22Mfs*6	CHL1636	19	8	CHL1636	4	0	0.14
ZNF32.H123Sfs*23	CHL1636	52	22	CHL1636	2	2	0.14
EGFR.E746_A750del	CHL1636	43	14	CHL1636	4	0	0.14
MAP1S.S809X	CHL1636	22	7	CHL1636	3	0	0.14
TCERG1L.R586I	CHL1636	38	10	CHL1636	2	2	0.14
WDR3.R264L	CHL1636	43	11	CHL1636	2	0	0.14
CATSPERG.R138L	CHL1636	25	5	CHL1636	3	0	0.14
HPS5.S256N	CHL1636	110	20	CHL1636	5	2	0.14
TRIM33.L867F	CHL1636	69	11	CHL1636	2	0	0.14
BTBD9.N237S	CHL1636	40	6	CHL1636	2	2	0.14
TGFBRAP1.I190V	CHL1636	64	9	CHL1636	3	2	0.14
SCAF4.L621F	CHL1636	127	17	CHL1636	3	1	0.14
NCK2.Q336L	CHL1636	91	12	CHL1636	3	2	0.14
TUBGCP6.G231C	CHL1636	165	18	CHL1636	2	1	0.14
NRCAM.N421K	CHL1636	79	9	CHL1636	3	0	0.14
ZCCHC11.I494M	CHL1636	176	18	CHL1636	3	3	0.14
SPON1.R377W	CHL1636	68	7	CHL1636	5	2	0.14
ATRN.S740C	CHL1636	63	6	CHL1636	2	2	0.14
SAMD15.H201R	CHL1636	38	4	CHL1636	2	2	0.14
CEP192.S79I	CHL1636	87	8	CHL1636	5	0	0.14
EP400.Q57X	CHL1636	59	5	CHL1636	2	2	0.14
USPL1.S375C	CHL1636	134	9	CHL1636	3	2	0.14
FARP2.R754M	CHL1636	68	4	CHL1636	3	2	0.14
FBXL4.F131Lfs*12	CHL1636	109	7	CHL1636	2	2	0.14
FBXL4.T130P	CHL1636	110	7	CHL1636	2	2	0.14
GRHL1.D513V	CHL1636	79	5	CHL1636	3	2	0.14
DMXL1.R2042H	CHL1636	65	8	CHL1636	1	1	0.14
SMAD4.R361H	CHL1636	61	6	CHL1636	1	1	0.14
SMAD4.D537E	CHL1636	64	4	CHL1636	1	1	0.14
MYO3A.R1524K	CHL1636	125	7	CHL1636	1	1	0.14
STEAP4.V22Mfs*6	CHL1638	29	11	CHL1638	2	0	0.16
EGFR.E746_A750del	CHL1638	47	8	CHL1638	2	0	0.16
HPS5.S256N	CHL1638	140	22	CHL1638	2	2	0.16
SPON1.R377W	CHL1638	48	7	CHL1638	2	2	0.16
ZCCHC11.I494M	CHL1638	155	19	CHL1638	2	1	0.16
NCK2.Q336L	CHL1638	87	9	CHL1638	3	0	0.16
LRP2BP.V43Hfs*4	CHL1638	158	13	CHL1638	2	2	0.16
ILK.V159I	CHL1638	102	7	CHL1638	2	2	0.16
MAP1S.S809X	CHL1638	25	9	CHL1638	1	0	0.16
ZNF32.H123Sfs*23	CHL1638	68	25	CHL1638	1	1	0.16
TCERG1L.R586I	CHL1638	38	13	CHL1638	1	1	0.16
CATSPERG.R138L	CHL1638	21	6	CHL1638	1	0	0.16
BTBD9.N237S	CHL1638	54	13	CHL1638	1	1	0.16
WDR3.R264L	CHL1638	61	13	CHL1638	1	0	0.16
FBXL4.T130P	CHL1638	89	17	CHL1638	1	1	0.16
FBXL4.F131Lfs*12	CHL1638	88	16	CHL1638	1	1	0.16
SGSH.E141Q	CHL1638	101	16	CHL1638	1	1	0.16
FAM53C.splicing	CHL1638	213	30	CHL1638	1	1	0.16
IRGM.G155S	CHL1638	55	7	CHL1638	1	1	0.16
SYT7.S266R	CHL1638	29	3	CHL1638	1	1	0.16
ASCC2.R536H	CHL1638	33	4	CHL1638	1	1	0.16
TMOD4.P105Qfs*35	CHL1638	70	8	CHL1638	2	1	0.16
SCAF4.L621F	CHL1638	142	15	CHL1638	1	1	0.16
ATRN.S740C	CHL1638	63	6	CHL1638	1	1	0.16
POLRMT.R253Q	CHL1638	133	12	CHL1638	1	0	0.16
SMAD4.R361H	CHL1638	87	7	CHL1638	1	0	0.16
ATP10D.S878F	CHL1638	107	7	CHL1638	2	1	0.16
ABCA7.R512H	CHL1638	167	9	CHL1638	1	0	0.16
SLC12A5.R780C	CHL1639	15	8	CHL1639	4	2	0.15
MAP1S.S809X	CHL1639	23	11	CHL1639	3	0	0.15
STEAP4.V22Mfs*6	CHL1639	27	12	CHL1639	5	0	0.15
ZNF32.H123Sfs*23	CHL1639	53	23	CHL1639	2	2	0.15
EGFR.E746_A750del	CHL1639	49	12	CHL1639	4	0	0.15
SCAF4.L621F	CHL1639	145	29	CHL1639	3	3	0.15
BTBD9.N237S	CHL1639	59	11	CHL1639	3	2	0.15
CATSPERG.R138L	CHL1639	37	7	CHL1639	3	0	0.15
SGSH.E141Q	CHL1639	85	16	CHL1639	3	2	0.15
HPS5.S256N	CHL1639	130	23	CHL1639	5	3	0.15
NCK2.Q336L	CHL1639	87	15	CHL1639	4	1	0.15
FBXL4.F131Lfs*12	CHL1639	110	18	CHL1639	2	2	0.15
FBXL4.T130P	CHL1639	110	18	CHL1639	2	2	0.15
TGFBRAP1.I190V	CHL1639	77	12	CHL1639	4	1	0.15
ZCCHC11.I494M	CHL1639	152	23	CHL1639	3	3	0.15
PTCD2.L95F	CHL1639	90	11	CHL1639	2	1	0.15
FAM53C.splicing	CHL1639	198	21	CHL1639	2	2	0.15
SPON1.R377W	CHL1639	62	6	CHL1639	5	3	0.15
HHIPL1.G172C	CHL1639	54	4	CHL1639	2	2	0.15
C11orf70.R205X	CHL1639	96	7	CHL1639	3	2	0.15
LRP2BP.V43Hfs*4	CHL1639	169	13	CHL1639	4	3	0.15
ABCA7.R512H	CHL1639	146	10	CHL1639	3	0	0.15
ILK.V159I	CHL1639	120	7	CHL1639	5	3	0.15
WDR3.R264L	CHL1639	53	8	CHL1639	1	1	0.15
SMAD4.R361H	CHL1639	74	9	CHL1639	1	1	0.15
ITGA1.splicing	CHL1639	60	6	CHL1639	2	1	0.15
